<?xml version="1.0" encoding="UTF-8"?>
<!DOCTYPE suite SYSTEM "http://testng.org/testng-1.0.dtd">
<suite name="Suite">
<listeners>
      <listener class-name="org.uncommons.reportng.HTMLReporter"/>
      <listener class-name="org.uncommons.reportng.JUnitXMLReporter"/>
  </listeners>
  <test name="Test">
    <classes>
      <class name="CreditAccountType.AddAccount"/>
      <class name="CreditAccountType.ManagerApprove"/>
      <class name="DebitAccountType.AddAccount"/>
      <class name="DebitAccountType.ManagerReject"/>
          
    </classes>
  </test> <!-- Test -->
</suite> <!-- Suite -->
